t,shoulder_pan,elbow_flex,shoulder_lift,wrist_flex,wrist_roll,gripper
7.648000064364169e-06,-0.13186813186813187,152.30769230769232,96.74725274725274,-101.4065934065934,89.27472527472527,1.1067708333333335
0.10306909300015832,-0.04395604395604396,157.3186813186813,86.37362637362638,-99.03296703296704,89.27472527472527,1.1067708333333335
0.20101203699960024,-0.13186813186813187,165.84615384615384,71.25274725274726,-93.84615384615384,89.27472527472527,1.1067708333333335
0.3040736670000115,-0.13186813186813187,174.9010989010989,58.15384615384615,-88.83516483516483,89.27472527472527,1.1067708333333335
0.4020158329994956,-0.13186813186813187,-176.92307692307693,51.032967032967036,-85.49450549450549,89.27472527472527,1.1067708333333335
0.5000237590002143,-0.13186813186813187,-168.3956043956044,47.69230769230769,-83.03296703296704,89.27472527472527,1.1067708333333335
0.6030822590000753,-0.21978021978021978,-159.25274725274724,45.40659340659341,-79.6043956043956,89.27472527472527,1.1067708333333335
0.7010381479994976,-0.3076923076923077,-150.9010989010989,40.83516483516483,-73.36263736263736,89.27472527472527,1.1067708333333335
0.8041187959997842,-0.3076923076923077,-142.63736263736263,34.59340659340659,-63.34065934065934,89.27472527472527,1.1067708333333335
0.9020654629994169,-0.21978021978021978,-136.30769230769232,30.021978021978022,-51.91208791208791,89.27472527472527,1.1067708333333335
1.00005499999952,-0.21978021978021978,-132.6153846153846,28.263736263736263,-39.86813186813187,89.27472527472527,1.1067708333333335
1.1031192959999316,-0.21978021978021978,-131.82417582417582,28.791208791208792,-28.87912087912088,89.27472527472527,1.1067708333333335
1.201060444000177,-0.4835164835164835,-130.15384615384616,29.054945054945055,-20.263736263736263,89.18681318681318,1.1067708333333335
1.3041237399993406,-0.5714285714285714,-120.83516483516483,28.703296703296704,-14.10989010989011,89.18681318681318,1.1067708333333335
1.4020503699994151,-1.098901098901099,-113.45054945054945,28.87912087912088,-13.142857142857142,89.18681318681318,1.1067708333333335
1.500081555000179,-3.032967032967033,-106.68131868131869,29.054945054945055,-12.967032967032967,89.18681318681318,1.1067708333333335
1.6031447400000616,-4.0,-96.21978021978022,29.406593406593405,-12.967032967032967,89.18681318681318,1.1067708333333335
1.7010962029999064,-4.615384615384615,-86.9010989010989,29.582417582417584,-12.967032967032967,89.0989010989011,1.1067708333333335
1.804165443999409,-7.78021978021978,-79.42857142857143,29.582417582417584,-12.967032967032967,89.36263736263736,1.1067708333333335
1.9021081470000354,-7.868131868131868,-73.62637362637362,30.373626373626372,-12.967032967032967,89.45054945054945,1.1067708333333335
2.0001139619998867,-7.868131868131868,-69.75824175824175,33.0989010989011,-12.967032967032967,89.45054945054945,1.1067708333333335
2.1031792949997907,-7.78021978021978,-68.79120879120879,36.879120879120876,-13.142857142857142,89.18681318681318,1.1067708333333335
2.201124999000058,-7.6923076923076925,-68.35164835164835,37.494505494505496,-13.054945054945055,89.18681318681318,1.1067708333333335
2.3041899619993274,-7.78021978021978,-64.74725274725274,37.23076923076923,-13.142857142857142,89.18681318681318,1.1067708333333335
2.4021479989996806,-8.307692307692308,-62.54945054945055,37.142857142857146,-13.31868131868132,89.18681318681318,1.1067708333333335
2.500146479999785,-7.956043956043956,-62.37362637362637,36.7032967032967,-13.31868131868132,89.18681318681318,1.171875
2.6032098509995194,-7.6923076923076925,-62.37362637362637,35.032967032967036,-13.23076923076923,89.45054945054945,3.125
2.701160442999935,-8.219780219780219,-62.10989010989011,34.94505494505494,-13.054945054945055,89.45054945054945,8.59375
2.8042205729998386,-8.395604395604396,-61.40659340659341,35.472527472527474,-12.791208791208792,89.27472527472527,16.666666666666664
2.9021739800000432,-8.395604395604396,-58.68131868131868,34.68131868131868,-12.791208791208792,89.27472527472527,23.111979166666664
3.0001833689993873,-8.395604395604396,-57.8021978021978,34.065934065934066,-12.703296703296703,89.27472527472527,26.953125
3.1032410359994174,-8.395604395604396,-57.8021978021978,34.505494505494504,-10.593406593406593,89.27472527472527,27.669270833333332
3.2011893499993676,-8.307692307692308,-58.417582417582416,33.8021978021978,-4.527472527472527,89.27472527472527,27.669270833333332
3.3042688320001616,-7.956043956043956,-59.56043956043956,31.34065934065934,2.065934065934066,89.27472527472527,27.669270833333332
3.402251738999439,-7.868131868131868,-59.824175824175825,28.52747252747253,8.043956043956044,89.27472527472527,27.669270833333332
3.5002367950000917,-7.868131868131868,-58.32967032967033,25.36263736263736,11.912087912087912,89.27472527472527,27.669270833333332
3.6032774429995698,-7.868131868131868,-54.10989010989011,21.75824175824176,12.791208791208792,89.27472527472527,27.669270833333332
3.7012332200001765,-7.868131868131868,-49.362637362637365,14.989010989010989,12.967032967032967,89.27472527472527,27.604166666666668
3.804293330999826,-7.78021978021978,-44.26373626373626,8.747252747252746,13.406593406593407,89.27472527472527,27.604166666666668
3.902245831000073,-8.043956043956044,-42.68131868131868,7.34065934065934,13.406593406593407,89.27472527472527,27.5390625
4.000244034999923,-7.956043956043956,-42.417582417582416,7.516483516483516,13.406593406593407,89.27472527472527,27.473958333333332
4.103306682999573,-7.78021978021978,-42.417582417582416,7.6923076923076925,13.406593406593407,89.18681318681318,27.408854166666668
4.201222071999837,-7.78021978021978,-42.505494505494504,7.868131868131868,13.406593406593407,89.18681318681318,25.78125
4.304326108999703,-7.78021978021978,-42.505494505494504,7.868131868131868,13.406593406593407,89.18681318681318,19.075520833333336
4.402271979000034,-7.868131868131868,-42.417582417582416,7.868131868131868,12.967032967032967,89.18681318681318,10.611979166666668
4.500280978999399,-7.868131868131868,-42.417582417582416,7.868131868131868,12.967032967032967,89.18681318681318,11.979166666666668
4.603341848999662,-7.868131868131868,-42.59340659340659,7.428571428571429,12.87912087912088,89.18681318681318,11.783854166666668
4.701294904999486,-7.6923076923076925,-43.64835164835165,6.021978021978022,12.703296703296703,89.18681318681318,11.783854166666668
4.804351071999918,-6.461538461538462,-48.30769230769231,2.065934065934066,12.703296703296703,89.45054945054945,11.783854166666668
4.902306682999551,-6.285714285714286,-52.967032967032964,-1.4505494505494505,12.791208791208792,89.53846153846153,11.783854166666668
5.000315422999847,-6.197802197802198,-58.32967032967033,-4.175824175824176,13.142857142857142,89.53846153846153,11.783854166666668
5.103373737999391,-6.197802197802198,-65.01098901098901,-5.406593406593407,13.23076923076923,89.53846153846153,11.783854166666668
5.201323405000039,-6.197802197802198,-72.65934065934066,-5.406593406593407,13.23076923076923,89.53846153846153,11.783854166666668
5.304386144999626,-6.1098901098901095,-81.0989010989011,-5.406593406593407,13.054945054945055,89.62637362637362,11.783854166666668
5.402339016000042,-6.1098901098901095,-88.48351648351648,-5.406593406593407,12.87912087912088,89.71428571428571,11.783854166666668
5.500348366999788,-6.197802197802198,-95.51648351648352,-5.4945054945054945,12.791208791208792,89.71428571428571,11.783854166666668
5.603403366999373,-6.1098901098901095,-104.48351648351648,-5.4945054945054945,12.791208791208792,89.8021978021978,11.783854166666668
5.7013588489999165,-5.758241758241758,-113.71428571428571,-5.230769230769231,12.87912087912088,89.8021978021978,11.783854166666668
5.804423681999651,-3.7362637362637363,-122.41758241758242,-4.791208791208791,13.142857142857142,89.8021978021978,11.783854166666668
5.902370681999855,-3.2967032967032965,-128.3956043956044,-4.351648351648351,13.31868131868132,89.8021978021978,11.783854166666668
6.000375107999389,-3.208791208791209,-134.54945054945054,-0.5714285714285714,13.31868131868132,89.8021978021978,11.783854166666668
6.1034380709998,-3.2967032967032965,-142.9010989010989,9.978021978021978,13.23076923076923,89.8021978021978,11.783854166666668
6.201410496999415,-3.7362637362637363,-153.36263736263737,24.307692307692307,13.054945054945055,89.8021978021978,11.783854166666668
6.3044588299999305,-3.8241758241758244,-165.84615384615384,41.18681318681319,12.967032967032967,89.71428571428571,11.783854166666668
6.4024042559995,-3.8241758241758244,-178.15384615384616,56.65934065934066,12.791208791208792,89.71428571428571,11.783854166666668
6.500412571000197,-3.6483516483516483,170.6813186813187,69.31868131868131,12.791208791208792,89.71428571428571,11.783854166666668
6.603472218999741,-3.7362637362637363,161.71428571428572,78.72527472527473,12.703296703296703,89.62637362637362,11.783854166666668
6.7014249779995225,-3.8241758241758244,156.0,84.52747252747253,12.703296703296703,89.62637362637362,11.783854166666668
6.8044868669994685,-3.5604395604395602,151.69230769230768,89.8021978021978,12.703296703296703,89.62637362637362,11.783854166666668
6.902435680999588,-3.5604395604395602,150.54945054945054,93.14285714285714,12.43956043956044,89.62637362637362,11.848958333333332
7.000443254999482,-3.912087912087912,150.46153846153845,96.83516483516483,8.395604395604396,89.62637362637362,11.848958333333332
7.103508811000211,-3.5604395604395602,150.37362637362637,100.08791208791209,-0.5714285714285714,89.62637362637362,11.848958333333332
7.201452348000203,-3.208791208791209,150.46153846153845,100.0,-10.857142857142858,89.71428571428571,11.848958333333332
7.304518070000086,-1.2747252747252746,150.46153846153845,100.0,-24.571428571428573,89.71428571428571,11.848958333333332
7.402471200000036,-0.21978021978021978,150.46153846153845,100.0,-41.0989010989011,89.71428571428571,11.9140625
7.500477384999613,1.2747252747252746,150.46153846153845,100.0,-57.45054945054945,89.71428571428571,11.979166666666668
7.603534439999748,3.4725274725274726,150.46153846153845,100.0,-72.21978021978022,89.62637362637362,12.044270833333332
7.701489811000101,4.351648351648351,150.46153846153845,100.0,-84.26373626373626,89.62637362637362,12.044270833333332
7.804551939999328,4.43956043956044,150.46153846153845,100.0,-94.54945054945055,89.62637362637362,12.044270833333332
7.902508309999575,4.43956043956044,150.46153846153845,100.0,-102.63736263736264,89.62637362637362,12.044270833333332
8.000506476999362,4.263736263736264,150.46153846153845,100.0,-102.46153846153847,89.62637362637362,12.044270833333332
8.103543532999538,4.263736263736264,150.46153846153845,100.08791208791209,-102.46153846153847,89.62637362637362,12.109375
8.201522994999323,4.087912087912088,150.46153846153845,100.08791208791209,-102.46153846153847,89.62637362637362,12.109375
8.304580809999607,4.087912087912088,150.37362637362637,100.08791208791209,-102.46153846153847,89.62637362637362,12.174479166666668
8.40253497699996,4.175824175824176,150.46153846153845,100.08791208791209,-102.10989010989012,89.62637362637362,12.239583333333332
8.500539272999958,4.263736263736264,150.46153846153845,100.0,-102.10989010989012,89.53846153846153,12.239583333333332
8.603604957999778,4.175824175824176,150.46153846153845,100.0,-102.10989010989012,89.53846153846153,12.3046875
8.701553031999538,4.087912087912088,150.46153846153845,100.0,-102.10989010989012,89.53846153846153,12.3046875
8.80461597700014,4.087912087912088,150.46153846153845,100.0,-102.10989010989012,89.53846153846153,12.3046875
8.90258271699986,4.087912087912088,150.46153846153845,100.0,-102.10989010989012,89.53846153846153,12.3046875
9.00057656899935,4.087912087912088,150.46153846153845,100.0,-102.10989010989012,89.53846153846153,12.3046875
9.103633642999739,4.087912087912088,150.46153846153845,100.0,-102.10989010989012,89.53846153846153,12.3046875
9.201585828000134,4.087912087912088,150.46153846153845,100.0,-102.10989010989012,89.53846153846153,12.3046875
9.304654327999742,4.087912087912088,150.46153846153845,100.0,-102.10989010989012,89.53846153846153,12.3046875
9.402602623999883,4.087912087912088,150.46153846153845,100.0,-102.10989010989012,89.53846153846153,12.3046875
9.500604754000051,4.087912087912088,150.46153846153845,100.0,-102.10989010989012,89.53846153846153,12.3046875
9.603668253999786,4.087912087912088,150.46153846153845,100.0,-102.10989010989012,89.53846153846153,12.3046875
9.701623234999715,4.087912087912088,150.46153846153845,100.0,-102.10989010989012,89.53846153846153,12.3046875
9.804680012999597,4.087912087912088,150.46153846153845,100.0,-102.10989010989012,89.53846153846153,12.3046875
9.902632049999738,4.087912087912088,150.46153846153845,100.0,-102.10989010989012,89.53846153846153,12.3046875
10.000640661000034,4.087912087912088,150.46153846153845,100.0,-102.10989010989012,89.53846153846153,12.3046875
10.103700697999557,4.087912087912088,150.46153846153845,100.0,-102.10989010989012,89.53846153846153,12.3046875
10.201650530999359,4.087912087912088,150.46153846153845,100.0,-102.10989010989012,89.53846153846153,12.3046875
10.30471397600013,4.087912087912088,150.46153846153845,100.0,-102.10989010989012,89.53846153846153,12.3046875
10.402670530999785,4.087912087912088,150.46153846153845,100.0,-102.10989010989012,89.53846153846153,12.3046875
10.500668808999762,4.087912087912088,150.46153846153845,100.0,-102.10989010989012,89.53846153846153,12.3046875
10.60373345700009,4.087912087912088,150.46153846153845,100.0,-102.10989010989012,89.53846153846153,12.3046875
10.701684530999955,4.087912087912088,150.46153846153845,100.0,-102.10989010989012,89.53846153846153,12.3046875
10.804742993999753,4.087912087912088,150.46153846153845,100.0,-102.10989010989012,89.53846153846153,12.3046875
10.902700067999831,4.087912087912088,150.46153846153845,100.0,-102.10989010989012,89.53846153846153,12.3046875
11.000710012000127,4.087912087912088,150.46153846153845,100.0,-102.10989010989012,89.53846153846153,12.3046875
11.10376893800003,4.087912087912088,150.46153846153845,100.0,-102.10989010989012,89.53846153846153,12.3046875
11.201715049000086,4.087912087912088,150.46153846153845,100.0,-102.10989010989012,89.53846153846153,12.3046875
11.304778881999482,4.087912087912088,150.46153846153845,100.0,-102.10989010989012,89.53846153846153,12.3046875
11.402737085999433,4.087912087912088,150.46153846153845,100.0,-102.10989010989012,89.53846153846153,12.3046875
11.500746382000216,4.087912087912088,150.46153846153845,100.0,-102.10989010989012,89.53846153846153,12.3046875
11.60379923399978,4.087912087912088,150.46153846153845,100.0,-102.10989010989012,89.53846153846153,12.3046875
11.70176025299952,4.087912087912088,150.46153846153845,100.0,-102.10989010989012,89.53846153846153,12.3046875
11.804815437999423,4.087912087912088,150.46153846153845,100.0,-102.10989010989012,89.53846153846153,12.3046875
11.902772493000157,4.087912087912088,150.46153846153845,100.0,-102.10989010989012,89.53846153846153,12.3046875
12.00077101199986,4.087912087912088,150.46153846153845,100.0,-102.10989010989012,89.53846153846153,12.3046875
12.103832918999615,4.087912087912088,150.46153846153845,100.0,-102.10989010989012,89.53846153846153,12.3046875
12.201784881999629,4.087912087912088,150.46153846153845,100.0,-102.10989010989012,89.53846153846153,12.3046875
12.304842733999976,4.087912087912088,150.46153846153845,100.0,-102.10989010989012,89.53846153846153,12.3046875
12.40279582599942,4.087912087912088,150.46153846153845,100.0,-102.10989010989012,89.53846153846153,12.3046875
12.50080732599963,4.087912087912088,150.46153846153845,100.0,-102.10989010989012,89.53846153846153,12.3046875
12.603867455999534,4.087912087912088,150.46153846153845,100.0,-102.10989010989012,89.53846153846153,12.3046875
12.701815603999421,4.087912087912088,150.46153846153845,100.0,-102.10989010989012,89.53846153846153,12.3046875
12.804878547999579,4.087912087912088,150.46153846153845,100.0,-102.10989010989012,89.53846153846153,12.3046875
12.902832455999487,4.087912087912088,150.46153846153845,100.0,-102.10989010989012,89.53846153846153,12.3046875
13.000838678000036,4.087912087912088,150.46153846153845,100.0,-102.10989010989012,89.53846153846153,12.3046875
13.103894826000214,4.087912087912088,150.46153846153845,100.0,-102.10989010989012,89.53846153846153,12.3046875
13.2018495479997,4.087912087912088,150.46153846153845,100.0,-102.10989010989012,89.53846153846153,12.3046875
13.304909937000048,4.087912087912088,150.46153846153845,100.0,-102.10989010989012,89.53846153846153,12.3046875
13.402871806999428,4.087912087912088,150.46153846153845,100.0,-102.10989010989012,89.53846153846153,12.3046875
13.500887270000021,4.087912087912088,150.46153846153845,100.0,-102.10989010989012,89.53846153846153,12.3046875
13.603933491999669,4.087912087912088,150.46153846153845,100.0,-102.10989010989012,89.53846153846153,12.3046875
13.701888362999853,4.087912087912088,150.46153846153845,100.0,-102.10989010989012,89.53846153846153,12.3046875
13.804941806999523,4.087912087912088,150.46153846153845,100.0,-102.10989010989012,89.53846153846153,12.3046875
13.902888474000065,4.087912087912088,150.46153846153845,100.0,-102.10989010989012,89.53846153846153,12.3046875
14.000915472999623,4.087912087912088,150.46153846153845,100.0,-102.10989010989012,89.53846153846153,12.3046875
14.103961121999419,4.087912087912088,150.46153846153845,100.0,-102.10989010989012,89.53846153846153,12.3046875
14.201917233000131,4.087912087912088,150.46153846153845,100.0,-102.10989010989012,89.53846153846153,12.3046875
14.304975528999421,4.087912087912088,150.46153846153845,100.0,-102.10989010989012,89.53846153846153,12.3046875
14.402938231999542,4.087912087912088,150.46153846153845,100.0,-102.10989010989012,89.53846153846153,12.3046875
14.500931231999857,4.087912087912088,150.46153846153845,100.0,-102.10989010989012,89.53846153846153,12.3046875
14.603999584000121,4.087912087912088,150.46153846153845,100.0,-102.10989010989012,89.53846153846153,12.3046875
14.701952028999585,4.087912087912088,150.46153846153845,100.0,-102.10989010989012,89.53846153846153,12.3046875
14.80501006599934,4.087912087912088,150.46153846153845,100.0,-102.10989010989012,89.53846153846153,12.3046875
14.902966527999524,4.087912087912088,150.46153846153845,100.0,-102.10989010989012,89.53846153846153,12.3046875
15.000964824999755,4.087912087912088,150.46153846153845,100.0,-102.10989010989012,89.53846153846153,12.3046875
15.10403230599968,4.087912087912088,150.46153846153845,100.0,-102.10989010989012,89.53846153846153,12.3046875
15.201982120999673,4.087912087912088,150.46153846153845,100.0,-102.10989010989012,89.53846153846153,12.3046875
15.305043546999514,4.087912087912088,150.46153846153845,100.0,-102.10989010989012,89.53846153846153,12.3046875
15.403009046999614,4.087912087912088,150.46153846153845,100.0,-102.10989010989012,89.53846153846153,12.3046875
15.500996509999823,4.087912087912088,150.46153846153845,100.0,-102.10989010989012,89.53846153846153,12.3046875
15.604069046999939,4.087912087912088,150.46153846153845,100.0,-102.10989010989012,89.53846153846153,12.3046875
15.702015897999445,4.087912087912088,150.46153846153845,100.0,-102.10989010989012,89.53846153846153,12.3046875
15.80001980599991,4.087912087912088,150.46153846153845,100.0,-102.10989010989012,89.53846153846153,12.3046875
15.903083008999602,4.087912087912088,150.46153846153845,100.0,-102.10989010989012,89.53846153846153,12.3046875
16.00103471300008,4.087912087912088,150.46153846153845,100.0,-102.10989010989012,89.53846153846153,12.3046875
16.104101193999668,4.087912087912088,150.46153846153845,100.0,-102.10989010989012,89.53846153846153,12.3046875
16.20206915699964,4.087912087912088,150.46153846153845,100.0,-102.10989010989012,89.53846153846153,12.3046875
16.30005569399964,4.087912087912088,150.46153846153845,100.0,-102.10989010989012,89.53846153846153,12.3046875
16.40311802799988,4.087912087912088,150.46153846153845,100.0,-102.10989010989012,89.53846153846153,12.3046875
16.501069897999514,4.087912087912088,150.46153846153845,100.0,-102.10989010989012,89.53846153846153,12.3046875
16.60412610200001,4.087912087912088,150.46153846153845,100.0,-102.10989010989012,89.53846153846153,12.3046875
16.702079509000214,4.087912087912088,150.46153846153845,100.0,-102.10989010989012,89.53846153846153,12.3046875
16.80009067499941,4.087912087912088,150.46153846153845,100.0,-102.10989010989012,89.53846153846153,12.3046875
16.903148211999905,4.087912087912088,150.46153846153845,100.0,-102.10989010989012,89.53846153846153,12.3046875
17.001096600999517,4.087912087912088,150.46153846153845,100.0,-102.10989010989012,89.53846153846153,12.3046875
17.10416121199978,4.087912087912088,150.46153846153845,100.0,-102.10989010989012,89.53846153846153,12.3046875
17.202114878999964,4.087912087912088,150.46153846153845,100.0,-102.10989010989012,89.53846153846153,12.3046875
17.30012045300009,4.087912087912088,150.46153846153845,100.0,-102.10989010989012,89.53846153846153,12.3046875
17.403175952999845,4.087912087912088,150.46153846153845,100.0,-102.10989010989012,89.53846153846153,12.3046875
17.501129694000156,4.087912087912088,150.46153846153845,100.0,-102.10989010989012,89.53846153846153,12.3046875
17.60416132299997,4.087912087912088,150.46153846153845,100.0,-102.10989010989012,89.53846153846153,12.3046875
17.702143341999545,4.087912087912088,150.46153846153845,100.0,-102.10989010989012,89.53846153846153,12.3046875
17.80014750800001,4.087912087912088,150.46153846153845,100.0,-102.10989010989012,89.53846153846153,12.3046875
17.903213822999533,4.087912087912088,150.46153846153845,100.0,-102.10989010989012,89.53846153846153,12.3046875
18.00116693400014,4.087912087912088,150.46153846153845,100.0,-102.10989010989012,89.53846153846153,12.3046875
18.10422582299998,4.087912087912088,150.46153846153845,100.0,-102.10989010989012,89.53846153846153,12.3046875
18.20217484099976,4.087912087912088,150.46153846153845,100.0,-102.10989010989012,89.53846153846153,12.3046875
18.300184711999464,4.087912087912088,150.46153846153845,100.0,-102.10989010989012,89.53846153846153,12.3046875
18.40324502600015,4.087912087912088,150.46153846153845,100.0,-102.10989010989012,89.53846153846153,12.3046875
18.50120252599936,4.087912087912088,150.46153846153845,100.0,-102.10989010989012,89.53846153846153,12.3046875
18.60425715600013,4.087912087912088,150.46153846153845,100.0,-102.10989010989012,89.53846153846153,12.3046875
18.702209674000187,4.087912087912088,150.46153846153845,100.0,-102.10989010989012,89.53846153846153,12.3046875
18.800216062999425,4.087912087912088,150.46153846153845,100.0,-102.10989010989012,89.53846153846153,12.3046875
18.903279471000133,4.087912087912088,150.46153846153845,100.0,-102.10989010989012,89.53846153846153,12.3046875
19.001233747999322,4.087912087912088,150.46153846153845,100.0,-102.10989010989012,89.53846153846153,12.3046875
19.104290526000113,4.087912087912088,150.46153846153845,100.0,-102.10989010989012,89.53846153846153,12.3046875
19.202241655999387,4.087912087912088,150.46153846153845,100.0,-102.10989010989012,89.53846153846153,12.3046875
19.30025022999962,4.087912087912088,150.46153846153845,100.0,-102.10989010989012,89.53846153846153,12.3046875
19.40331380399948,4.087912087912088,150.46153846153845,100.0,-102.10989010989012,89.53846153846153,12.3046875
19.501262803999452,4.087912087912088,150.46153846153845,100.0,-102.10989010989012,89.53846153846153,12.3046875
19.604321433000223,4.087912087912088,150.46153846153845,100.0,-102.10989010989012,89.53846153846153,12.3046875
19.702273080999475,4.087912087912088,150.46153846153845,100.0,-102.10989010989012,89.53846153846153,12.3046875
19.800282989000152,4.087912087912088,150.46153846153845,100.0,-102.10989010989012,89.53846153846153,12.3046875
19.903343877000225,4.087912087912088,150.46153846153845,100.0,-102.10989010989012,89.53846153846153,12.3046875
20.001296265999372,4.087912087912088,150.46153846153845,100.0,-102.10989010989012,89.53846153846153,12.3046875
20.10435969199989,4.087912087912088,150.46153846153845,100.0,-102.10989010989012,89.53846153846153,12.3046875
20.20230869199986,4.087912087912088,150.46153846153845,100.0,-102.10989010989012,89.53846153846153,12.3046875
20.300316543999543,4.087912087912088,150.46153846153845,100.0,-102.10989010989012,89.53846153846153,12.3046875
20.403381024999362,4.087912087912088,150.46153846153845,100.0,-102.10989010989012,89.53846153846153,12.3046875
20.501326969999354,4.087912087912088,150.46153846153845,100.0,-102.10989010989012,89.53846153846153,12.3046875
20.604377876999934,4.087912087912088,150.46153846153845,100.0,-102.10989010989012,89.53846153846153,12.3046875
20.702341469000203,4.087912087912088,150.46153846153845,100.0,-102.10989010989012,89.53846153846153,12.3046875
20.800348320999547,4.087912087912088,150.46153846153845,100.0,-102.10989010989012,89.53846153846153,12.3046875
20.90341402499962,4.087912087912088,150.46153846153845,100.0,-102.10989010989012,89.53846153846153,12.3046875
21.001359154000056,4.087912087912088,150.46153846153845,100.0,-102.10989010989012,89.53846153846153,12.3046875
21.104422116999558,4.087912087912088,150.46153846153845,100.0,-102.10989010989012,89.53846153846153,12.3046875
21.20237898799951,4.087912087912088,150.46153846153845,100.0,-102.10989010989012,89.53846153846153,12.3046875
21.30038145099934,4.087912087912088,150.46153846153845,100.0,-102.10989010989012,89.53846153846153,12.3046875
21.403440024999327,4.087912087912088,150.46153846153845,100.0,-102.10989010989012,89.53846153846153,12.3046875
21.501393486999405,4.087912087912088,150.46153846153845,100.0,-102.10989010989012,89.53846153846153,12.3046875
21.604455709999456,4.087912087912088,150.46153846153845,100.0,-102.10989010989012,89.53846153846153,12.3046875
21.702406172999872,4.087912087912088,150.46153846153845,100.0,-102.10989010989012,89.53846153846153,12.3046875
21.800423783999577,4.087912087912088,150.46153846153845,100.0,-102.10989010989012,89.53846153846153,12.3046875
21.903475506000177,4.087912087912088,150.46153846153845,100.0,-102.10989010989012,89.53846153846153,12.3046875
22.001430857999367,4.087912087912088,150.46153846153845,100.0,-102.10989010989012,89.53846153846153,12.3046875
22.104484319999756,4.087912087912088,150.46153846153845,100.0,-102.10989010989012,89.53846153846153,12.3046875
22.20244233899939,4.087912087912088,150.46153846153845,100.0,-102.10989010989012,89.53846153846153,12.3046875
22.30045059799977,4.087912087912088,150.46153846153845,100.0,-102.10989010989012,89.53846153846153,12.3046875
22.403509116999885,4.087912087912088,150.46153846153845,100.0,-102.10989010989012,89.53846153846153,12.3046875
22.50145707899992,4.087912087912088,150.46153846153845,100.0,-102.10989010989012,89.53846153846153,12.3046875
22.60452069099938,4.087912087912088,150.46153846153845,100.0,-102.10989010989012,89.53846153846153,12.3046875
22.70247093099988,4.087912087912088,150.46153846153845,100.0,-102.10989010989012,89.53846153846153,12.3046875
22.800477597999816,4.087912087912088,150.46153846153845,100.0,-102.10989010989012,89.53846153846153,12.3046875
22.9035404870001,4.087912087912088,150.46153846153845,100.0,-102.10989010989012,89.53846153846153,12.3046875
23.00149070899988,4.087912087912088,150.46153846153845,100.0,-102.10989010989012,89.53846153846153,12.3046875
23.104550652999933,4.087912087912088,150.46153846153845,100.0,-102.10989010989012,89.53846153846153,12.3046875
23.20250628299982,4.087912087912088,150.46153846153845,100.0,-102.10989010989012,89.53846153846153,12.3046875
23.30051835699942,4.087912087912088,150.46153846153845,100.0,-102.10989010989012,89.53846153846153,12.3046875
23.403585615999873,4.087912087912088,150.46153846153845,100.0,-102.10989010989012,89.53846153846153,12.3046875
23.501553078999677,4.087912087912088,150.46153846153845,100.0,-102.10989010989012,89.53846153846153,12.3046875
23.604595541999515,4.087912087912088,150.46153846153845,100.0,-102.10989010989012,89.53846153846153,12.3046875
23.702542115999677,4.087912087912088,150.46153846153845,100.0,-102.10989010989012,89.53846153846153,12.3046875
23.800544763999824,4.087912087912088,150.46153846153845,100.0,-102.10989010989012,89.53846153846153,12.3046875
23.903610041999855,4.087912087912088,150.46153846153845,100.0,-102.10989010989012,89.53846153846153,12.3046875
24.00156396700004,4.087912087912088,150.46153846153845,100.0,-102.10989010989012,89.53846153846153,12.3046875
24.104618466999455,4.087912087912088,150.46153846153845,100.0,-102.10989010989012,89.53846153846153,12.3046875
24.202569244999722,4.087912087912088,150.46153846153845,100.0,-102.10989010989012,89.53846153846153,12.3046875
24.300582449000103,4.087912087912088,150.46153846153845,100.0,-102.10989010989012,89.53846153846153,12.3046875
24.40364457799933,4.087912087912088,150.46153846153845,100.0,-102.10989010989012,89.53846153846153,12.3046875
24.501592986000105,4.087912087912088,150.46153846153845,100.0,-102.10989010989012,89.53846153846153,12.3046875
24.6046529489995,4.087912087912088,150.46153846153845,100.0,-102.10989010989012,89.53846153846153,12.3046875
24.702605096999832,4.087912087912088,150.46153846153845,100.0,-102.10989010989012,89.53846153846153,12.3046875
24.800610837000022,4.087912087912088,150.46153846153845,100.0,-102.10989010989012,89.53846153846153,12.3046875
24.90367265199984,4.087912087912088,150.46153846153845,100.0,-102.10989010989012,89.53846153846153,12.3046875
